INSERT INTO F16_12_customer VALUES (10001,'Elizabeth','Sharon','Pate','13/Aug/1992','8851296767','Plato@adipiscing.edu','80520','East Antarctica Blvd.',2966,'CA','11913');
INSERT INTO F16_12_customer VALUES (10002,'Yen','Wendy','Mccoy','07/Jan/1991','0258870588','Genevieve@dapibus.edu','2766','North Faroe Islands Ave.',8430,'MA','03395');
INSERT INTO F16_12_customer VALUES (10003,'Kyra','Ann','House','25/Jun/1993','2628933969','Gannon@elementum.com','13221','North British Indian Ocean Territory Ln.',2567,'OR','89361');
INSERT INTO F16_12_customer VALUES (10004,'Halee','Vera','Howe','07/May/1999','6790359598','Quail@scelerisque.net','77421','North Czech Republic Ct.',5899,'WV','88582');
INSERT INTO F16_12_customer VALUES (10005,'Madeson','Zachary','Grimes','21/Apr/1999','4034351309','Kiara@diam.us','91349','East Faroe Islands Ln.',2566,'AL','68660');
INSERT INTO F16_12_customer VALUES (10006,'Carl','Harrison','Huber','01/May/1993','4686692637','Jeremy@litora.net','64513','South Bell St.',8182,'OH','78934');
INSERT INTO F16_12_customer VALUES (10007,'Indigo','Ruby','Patel','09/Jul/1996','6284521005','Channing@fringilla.com','29956','West Chile Ave.',1574,'AL','08449');
INSERT INTO F16_12_customer VALUES (10008,'Quyn','Bethany','Valenzuela','02/May/1989','8033070920','Philip@aptent.gov','27571','North Virgin Islands, British Blvd.',5714,'ND','62030');
INSERT INTO F16_12_customer VALUES (10009,'Kelsie','Rhea','Mayer','03/Jan/1987','7462859266','Bryar@ultricies.org','924','East Cairo Ave.',7614,'SC','07193');
INSERT INTO F16_12_customer VALUES (10010,'Azalia','Troy','Wolfe','19/Jan/1988','1722594361','Zena@Class.edu','7742','North Turks and Caicos Islands Ct.',7693,'MS','09114');
INSERT INTO F16_12_customer VALUES (10011,'Tobias','Rhea','Kent','15/Sep/1996','0511899406','Bell@Morbi.us','20336','Cameroon Ct.',8303,'PA','88283');
INSERT INTO F16_12_customer VALUES (10012,'Davis','Colby','Greer','11/Dec/1989','0278171330','Ahmed@odio.us','28901','East Congo Ave.',8514,'AK','16106');
INSERT INTO F16_12_customer VALUES (10013,'Jonah','Catherine','Hodges','08/Jul/1998','5858017437','Amity@Maecenas.net','36604','South Tajikistan St.',1732,'LA','67928');
INSERT INTO F16_12_customer VALUES (10014,'Ivan','Nero','Flynn','17/Nov/1985','9802650737','Elvis@eget.us','85952','North Azerbaijan Ct.',424,'NE','86521');
INSERT INTO F16_12_customer VALUES (10015,'Cecilia','Francesca','Doyle','10/Oct/2000','9183413186','Sarah@ullamcorper.edu','62670','Andorra Ave.',3772,'PA','50553');
INSERT INTO F16_12_customer VALUES (10016,'Lesley','Ria','Rojas','09/Jan/1990','2769355946','Ignatius@Etiam.net','8730','South Barbados Ave.',4518,'AZ','10734');
INSERT INTO F16_12_customer VALUES (10017,'Amena','India','Hobbs','09/May/1998','4022275449','Phelan@rhoncus.gov','26779','North Ethiopia Blvd.',4571,'WA','21374');
INSERT INTO F16_12_customer VALUES (10018,'Rajah','Angela','Vargas','07/Apr/1991','8881396572','Kennan@iaculis.com','46837','West Argentina Ave.',1796,'NH','17614');
INSERT INTO F16_12_customer VALUES (10019,'Cody','Hope','Tran','02/May/1991','0252939402','Sylvia@feugiat.us','14155','North Azerbaijan Way',532,'LA','55106');
INSERT INTO F16_12_customer VALUES (10020,'Marcia','Dylan','Rutledge','20/Aug/1987','2501832582','Shafira@pretium.edu','52742','South Nepal Blvd.',8830,'OR','09301');
INSERT INTO F16_12_customer VALUES (10021,'Cole','Steel','Griffin','13/Aug/2000','0599109145','Eleanor@viverra.us','27344','North Qatar Ln.',1464,'CA','36318');
INSERT INTO F16_12_customer VALUES (10022,'Ishmael','Kasper','Oliver','09/Oct/2000','1060130111','Colby@Cum.gov','32344','Norfolk Island Blvd.',7349,'MN','16248');
INSERT INTO F16_12_customer VALUES (10023,'Zelenia','Alfonso','Newton','28/Nov/1994','3441667457','Savannah@pulvinar.gov','5116','West Cameroon Blvd.',2768,'RI','07672');
INSERT INTO F16_12_customer VALUES (10024,'Geoffrey','Boris','Hunter','15/Jun/1986','6500991321','Driscoll@faucibus.edu','33614','Kyrgyzstan Ln.',3401,'MT','62549');
INSERT INTO F16_12_customer VALUES (10025,'Carlos','Brooke','Everett','21/Mar/1998','1770782375','Avye@luctus.us','1474','Russian Federation St.',6528,'GA','52624');
INSERT INTO F16_12_customer VALUES (10026,'Meredith','Sarah','Whitehead','03/Nov/1992','9810106899','Brody@mauris.edu','66708','North Charlottesville Ave.',515,'CA','76286');
INSERT INTO F16_12_customer VALUES (10027,'Alan','Lev','Craig','29/Aug/1996','5873887287','Charlotte@gravida.us','66156','Burundi Blvd.',131,'DC','46491');
INSERT INTO F16_12_customer VALUES (10028,'Ethan','Lacota','Cabrera','29/Jun/1990','2133617604','Kelly@turpis.gov','97936','South Egypt Way',1856,'SC','11263');
INSERT INTO F16_12_customer VALUES (10029,'Donna','MacKensie','Woods','01/Nov/1985','1914061203','Alana@Sed.net','79089','North Charlotte Ln.',9815,'VA','84528');
INSERT INTO F16_12_customer VALUES (10030,'Gloria','Garrett','Frost','04/Jul/1999','2664758116','Kristen@ridiculus.gov','89293','East Poland Ct.',7869,'MT','05872');
INSERT INTO F16_12_customer VALUES (10031,'Melodie','Thor','Alvarez','12/Aug/1987','2502540622','Breanna@neque.us','62598','Iowa City Ln.',5405,'MI','19991');
INSERT INTO F16_12_customer VALUES (10032,'Phelan','Wynne','Moses','01/Apr/1985','4161219900','Abraham@tempor.com','45732','Romania Ct.',5625,'NE','61575');
INSERT INTO F16_12_customer VALUES (10033,'Ian','Fiona','Edwards','02/Jan/1989','9071414547','Ferdinand@sed.us','40658','Argentina Way',5945,'IN','58485');
INSERT INTO F16_12_customer VALUES (10034,'Nash','India','Mendez','17/Aug/1990','3223684649','Finn@aptent.edu','78809','East Oman St.',3487,'HI','70379');
INSERT INTO F16_12_customer VALUES (10035,'Brett','Gabriel','Blackburn','11/Nov/1990','7460906374','Chloe@posuere.net','83850','South Palau Ct.',9247,'IN','74175');
INSERT INTO F16_12_customer VALUES (10036,'Aristotle','Wanda','Palmer','05/May/1986','0199366916','Brynne@Aliquam.com','22216','Somalia St.',6263,'DC','03867');
INSERT INTO F16_12_customer VALUES (10037,'Stone','Ivor','Riggs','29/Sep/1985','0316008420','Clayton@Morbi.net','67444','Poland Ct.',2155,'AK','44702');
INSERT INTO F16_12_customer VALUES (10038,'Ferdinand','Brynne','Leblanc','27/Jan/1999','8204993503','John@sodales.org','3971','South Canada Ave.',9976,'GA','21091');
INSERT INTO F16_12_customer VALUES (10039,'Martina','Ima','Hinton','16/Jul/1987','6715266974','Brady@vel.edu','2669','North Virgin Islands, British Blvd.',1915,'KS','07195');
INSERT INTO F16_12_customer VALUES (10040,'Ali','Leslie','Mullins','31/Jul/1996','6062474574','Kasper@Morbi.com','3631','Billings St.',812,'VT','29132');
INSERT INTO F16_12_customer VALUES (10041,'Wilma','Tyler','Davis','13/Jun/1989','7270378855','Kalia@Ut.com','33966','Albania Way',2922,'NV','58142');
INSERT INTO F16_12_customer VALUES (10042,'Aladdin','Dara','Henry','10/May/1987','9665683881','Cora@Integer.us','8670','East Haiti Ct.',8222,'AK','78578');
INSERT INTO F16_12_customer VALUES (10043,'Aidan','Imogene','Adams','21/Dec/1996','3379428928','Nathan@blandit.edu','54888','West Comoros Ave.',8648,'ID','46647');
INSERT INTO F16_12_customer VALUES (10044,'Maite','Wendy','Foster','19/Jan/1999','7398884847','Whoopi@imperdiet.net','70331','East Philippines Ct.',5114,'OH','43185');
INSERT INTO F16_12_customer VALUES (10045,'Ursa','Timothy','Rhodes','30/Aug/1993','5051948735','Teegan@litora.com','68087','South Nicaragua Ave.',7551,'MD','37394');
INSERT INTO F16_12_customer VALUES (10046,'Acton','Yoko','Skinner','06/Dec/1990','1622025320','Cleo@pede.net','66049','South Central African Republic Ave.',7457,'CA','10702');
INSERT INTO F16_12_customer VALUES (10047,'Alea','Brendan','Rodgers','30/Aug/1985','7448516565','Lamar@dapibus.org','46251','East Italy Way',8112,'AL','94149');
INSERT INTO F16_12_customer VALUES (10048,'Jane','Tobias','Dyer','01/Dec/2000','7613928358','Julie@non.org','6488','South Farmington Ct.',9588,'RI','14796');
INSERT INTO F16_12_customer VALUES (10049,'Odette','Jerome','Hoover','03/May/1994','3311359265','Candace@nunc.com','70804','North Guyana Ln.',9174,'TX','26906');
INSERT INTO F16_12_customer VALUES (10050,'Jasmine','Logan','Conrad','23/Mar/1989','2363729045','Calista@aptent.net','28314','West Virgin Islands, U.S. Ct.',6933,'TX','83480');

INSERT INTO F16_12_enquirer VALUES (10010,'United Kingdom');
INSERT INTO F16_12_enquirer VALUES (10020,'United Kingdom');
INSERT INTO F16_12_enquirer VALUES (10014,'Serbia and Montenegro');
INSERT INTO F16_12_enquirer VALUES (10001,'Bangladesh');
INSERT INTO F16_12_enquirer VALUES (10004,'United Kingdom');
INSERT INTO F16_12_enquirer VALUES (10009,'Germany');
INSERT INTO F16_12_enquirer VALUES (10012,'Sao Tome and Principe');
INSERT INTO F16_12_enquirer VALUES (10008,'Germany');
INSERT INTO F16_12_enquirer VALUES (10023,'Ireland');
INSERT INTO F16_12_enquirer VALUES (10049,'USA');
INSERT INTO F16_12_enquirer VALUES (10047,'Italy');
INSERT INTO F16_12_enquirer VALUES (10041,'Italy');
INSERT INTO F16_12_enquirer VALUES (10035,'Tunisia');
INSERT INTO F16_12_enquirer VALUES (10032,'Singapore');
INSERT INTO F16_12_enquirer VALUES (10038,'USA');
INSERT INTO F16_12_enquirer VALUES (10027,'Czech Republic');
INSERT INTO F16_12_enquirer VALUES (10016,'Canada');
INSERT INTO F16_12_enquirer VALUES (10019,'Singapore');
INSERT INTO F16_12_enquirer VALUES (10029,'United Kingdom');
INSERT INTO F16_12_enquirer VALUES (10031,'Burundi');
INSERT INTO F16_12_enquirer VALUES (10021,'Germany');
INSERT INTO F16_12_enquirer VALUES (10002,'USA');
INSERT INTO F16_12_enquirer VALUES (10007,'Germany');
INSERT INTO F16_12_enquirer VALUES (10003,'Tokelau');
INSERT INTO F16_12_enquirer VALUES (10015,'Italy');
INSERT INTO F16_12_enquirer VALUES (10018,'USA');
INSERT INTO F16_12_enquirer VALUES (10022,'Argentina');
INSERT INTO F16_12_enquirer VALUES (10028,'Canada');
INSERT INTO F16_12_enquirer VALUES (10030,'Lesotho');
INSERT INTO F16_12_enquirer VALUES (10033,'Oman');
INSERT INTO F16_12_enquirer VALUES (10034,'USA');
INSERT INTO F16_12_enquirer VALUES (10036,'Canada');
INSERT INTO F16_12_enquirer VALUES (10037,'Singapore');
INSERT INTO F16_12_enquirer VALUES (10048,'Canada');
INSERT INTO F16_12_enquirer VALUES (10050,'Italy');

INSERT INTO F16_12_applicant VALUES (10005,'High School','Germany','Technical University Munich');
INSERT INTO F16_12_applicant VALUES (10006,'Undergraduate','Canada','University of Toronto');
INSERT INTO F16_12_applicant VALUES (10011,'Undergraduate','Singapore','Nanyag Technological University');
INSERT INTO F16_12_applicant VALUES (10024,'Graduate','Germany','Frele University of Berlin');
INSERT INTO F16_12_applicant VALUES (10025,'High School','Singapore','Nanyag Technological University');
INSERT INTO F16_12_applicant VALUES (10026,'Undergraduate','Germany','Frele University of Berlin');
INSERT INTO F16_12_applicant VALUES (10039,'Graduate','Singapore','Nanyag Technological University');
INSERT INTO F16_12_applicant VALUES (10040,'Undergraduate','Canada','University of Toronto');
INSERT INTO F16_12_applicant VALUES (10042,'Graduate','Italy','University of Bologna');
INSERT INTO F16_12_applicant VALUES (10043,'Undergraduate','Canada','University of Toronto');
INSERT INTO F16_12_applicant VALUES (10044,'High School','Germany','Technical University Munich');
INSERT INTO F16_12_applicant VALUES (10045,'Undergraduate','Canada','University of British Columbia');
INSERT INTO F16_12_applicant VALUES (10046,'Graduate','Germany','Frele University of Berlin');
INSERT INTO F16_12_applicant VALUES (10017,'Graduate','USA','The University of Texas at Arlington');
INSERT INTO F16_12_applicant VALUES (10013,'High School','Germany','Frele University of Berlin');
INSERT INTO F16_12_applicant VALUES (10041,'Graduate','Italy','University of Bologna');
INSERT INTO F16_12_applicant VALUES (10009,'Graduate','Germany','Technical University of Munich');
INSERT INTO F16_12_applicant VALUES (10018,'Graduate','USA','The University of Texas at Arlington');
INSERT INTO F16_12_applicant VALUES (10029,'Graduate','United Kingdom','Imperial College London');
INSERT INTO F16_12_applicant VALUES (10001,'Graduate','Bangladesh','University of Dhaka');
INSERT INTO F16_12_applicant VALUES (10004,'High School','United Kingdom','Imperial College London');
INSERT INTO F16_12_applicant VALUES (10034,'Graduate','USA','The University of Texas at Arlington');
INSERT INTO F16_12_applicant VALUES (10037,'Graduate','Singapore','Nanyag Technological University');

insert into F16_12_branch values(1,'Texas',20150001);
insert into F16_12_branch values(2,'California',20150002);

INSERT INTO F16_12_employee VALUES (20150001,'Fredericka','Damian','Buchanan','0184726606','Manager',28000,1,'03-Sep-2015',null);
INSERT INTO F16_12_employee VALUES (20150002,'Dean','Josiah','Donovan','7638018298','Manager',25000,2,'17-Dec-2015',null);
INSERT INTO F16_12_employee VALUES (20150003,'Geraldine','Aurelia','Travis','1682800151','Accountant',10000,1,'19-Oct-2015','24-Mar-2016');
INSERT INTO F16_12_employee VALUES (20150004,'Ahmed','Keegan','Livingston','0377396095','Accountant',13000,1,'16-Nov-2015',null);
INSERT INTO F16_12_employee VALUES (20150005,'Brent','Harriet','Cummings','6503150153','Accountant',13000,2,'12-Sep-2015',null);
INSERT INTO F16_12_employee VALUES (20150006,'Martina','Fuller','Jones','9232372987','Clerk',9041,1,'12-May-2016','07-Oct-2016');
INSERT INTO F16_12_employee VALUES (20150007,'Felix','Doris','Newman','1394610725','Clerk',6000,2,'05-Dec-2015',null);
INSERT INTO F16_12_employee VALUES (20150008,'Conan','Marcia','Gay','5993858748','Counselor',12000,1,'14-Sep-2015',null);
INSERT INTO F16_12_employee VALUES (20150009,'Hanna','Dacey','Hyde','2068190079','Counselor',9000,1,'24-Apr-2016','04-Sep-2016');
INSERT INTO F16_12_employee VALUES (20150010,'Candice','Marshall','Mcclure','4319648533','Counselor',9000,1,'24-Jun-2016',null);
INSERT INTO F16_12_employee VALUES (20150011,'Yuli','Alexandra','Hartman','3335234224','Counselor',12000,2,'23-Sep-2015',null);
INSERT INTO F16_12_employee VALUES (20150012,'Lysandra','Jonah','Scott','8341034258','Counselor',9000,2,'10-Aug-2016',null);
INSERT INTO F16_12_employee VALUES (20150013,'Lacy','Alfonso','Holloway','6125361994','Counselor',12000,2,'16-Mar-2016',null);
INSERT INTO F16_12_employee VALUES (20150014,'Ginger','Nathaniel','Williamson','9146879744','Receptionist',5000,1,'02-Dec-2015','01-Mar-2016');
INSERT INTO F16_12_employee VALUES (20150015,'Kelly','Malcolm','Sampson','6960466828','Receptionist',5000,2,'23-Oct-2015',null);
INSERT INTO F16_12_employee VALUES (20150016,'Howard','Cruz','Vaughan','4877494886','Tutor',18000,1,'24-Sep-2015',null);
INSERT INTO F16_12_employee VALUES (20150017,'Iris','Ulla','Saunders','1929506313','Tutor',18000,1,'22-Nov-2016',null);
INSERT INTO F16_12_employee VALUES (20150018,'Danielle','Clark','Welch','0714523513','Tutor',14000,1,'18-Mar-2016',null);
INSERT INTO F16_12_employee VALUES (20150019,'Bree','Debra','Trujillo','5719221107','Tutor',13000,1,'04-Feb-2016','30-May-2016');
INSERT INTO F16_12_employee VALUES (20150020,'Petra','Finn','Mack','4259560534','Tutor',15000,1,'25-Dec-2015',null);
INSERT INTO F16_12_employee VALUES (20150021,'Kato','Benjamin','Browning','4169109567','Tutor',17000,2,'18-Sep-2015',null);
INSERT INTO F16_12_employee VALUES (20150022,'Chaney','Shannon','Cleveland','9522781885','Tutor',16500,2,'11-Oct-2015',null);
INSERT INTO F16_12_employee VALUES (20150023,'Roary','Dillon','Lowe','3770613897','Tutor',14000,2,'18-Jan-2016','06-Mar-2016');
INSERT INTO F16_12_employee VALUES (20150024,'Malachi','Sandra','Parker','5378643548','Tutor',14000,2,'08-May-2016',null);

INSERT INTO F16_12_service VALUES (1,15000,'Tutoring');
INSERT INTO F16_12_service VALUES (2,10000,'Visa Assist');
INSERT INTO F16_12_service VALUES (3,10000,'Visa Assist');
INSERT INTO F16_12_service VALUES (4,15000,'Tutoring');
INSERT INTO F16_12_service VALUES (5,15000,'Tutoring');
INSERT INTO F16_12_service VALUES (6,15000,'Tutoring');
INSERT INTO F16_12_service VALUES (7,7000,'University Applications');
INSERT INTO F16_12_service VALUES (8,10000,'Visa Assist');
INSERT INTO F16_12_service VALUES (9,10000,'Visa Assist');
INSERT INTO F16_12_service VALUES (10,15000,'Tutoring');
INSERT INTO F16_12_service VALUES (11,10000,'Visa Assist');
INSERT INTO F16_12_service VALUES (12,7000,'University Applications');
INSERT INTO F16_12_service VALUES (13,10000,'Visa Assist');
INSERT INTO F16_12_service VALUES (14,7000,'University Applications');
INSERT INTO F16_12_service VALUES (15,10000,'Visa Assist');
INSERT INTO F16_12_service VALUES (16,15000,'Tutoring');
INSERT INTO F16_12_service VALUES (17,7000,'University Applications');
INSERT INTO F16_12_service VALUES (18,15000,'Tutoring');
INSERT INTO F16_12_service VALUES (19,15000,'Tutoring');
INSERT INTO F16_12_service VALUES (20,10000,'Visa Assist');
INSERT INTO F16_12_service VALUES (21,7000,'University Applications');
INSERT INTO F16_12_service VALUES (22,10000,'Visa Assist');
INSERT INTO F16_12_service VALUES (23,7000,'University Applications');
INSERT INTO F16_12_service VALUES (24,10000,'Visa Assist');
INSERT INTO F16_12_service VALUES (25,7000,'University Applications');
INSERT INTO F16_12_service VALUES (26,15000,'Tutoring');
INSERT INTO F16_12_service VALUES (27,10000,'Visa Assist');
INSERT INTO F16_12_service VALUES (28,10000,'Visa Assist');
INSERT INTO F16_12_service VALUES (29,7000,'University Applications');
INSERT INTO F16_12_service VALUES (30,15000,'Tutoring');
INSERT INTO F16_12_service VALUES (31,7000,'University Applications');
INSERT INTO F16_12_service VALUES (32,10000,'Visa Assist');
INSERT INTO F16_12_service VALUES (33,7000,'University Applications');
INSERT INTO F16_12_service VALUES (34,15000,'Tutoring');
INSERT INTO F16_12_service VALUES (35,15000,'Tutoring');
INSERT INTO F16_12_service VALUES (36,15000,'Tutoring');
INSERT INTO F16_12_service VALUES (37,15000,'Tutoring');
INSERT INTO F16_12_service VALUES (38,7000,'University Applications');
INSERT INTO F16_12_service VALUES (39,10000,'Visa Assist');
INSERT INTO F16_12_service VALUES (40,15000,'Tutoring');
INSERT INTO F16_12_service VALUES (41,15000,'Tutoring');
INSERT INTO F16_12_service VALUES (42,7000,'University Applications');
INSERT INTO F16_12_service VALUES (43,7000,'University Applications');
INSERT INTO F16_12_service VALUES (44,10000,'Visa Assist');
INSERT INTO F16_12_service VALUES (45,10000,'Visa Assist');
INSERT INTO F16_12_service VALUES (46,7000,'University Applications');
INSERT INTO F16_12_service VALUES (47,15000,'Tutoring');
INSERT INTO F16_12_service VALUES (48,10000,'Visa Assist');
INSERT INTO F16_12_service VALUES (49,15000,'Tutoring');
INSERT INTO F16_12_service VALUES (50,10000,'Visa Assist');
INSERT INTO F16_12_service VALUES (51,15000,'Tutoring');
INSERT INTO F16_12_service VALUES (52,7000,'University Applications');
INSERT INTO F16_12_service VALUES (53,10000,'Visa Assist');
INSERT INTO F16_12_service VALUES (54,7000,'University Applications');
INSERT INTO F16_12_service VALUES (55,10000,'Visa Assist');
INSERT INTO F16_12_service VALUES (56,10000,'Visa Assist');
INSERT INTO F16_12_service VALUES (57,10000,'Visa Assist');
INSERT INTO F16_12_service VALUES (58,7000,'University Applications');
INSERT INTO F16_12_service VALUES (59,10000,'Visa Assist');
INSERT INTO F16_12_service VALUES (60,10000,'Visa Assist');
INSERT INTO F16_12_service VALUES (61,15000,'Tutoring');
INSERT INTO F16_12_service VALUES (62,15000,'Tutoring');
INSERT INTO F16_12_service VALUES (63,15000,'Tutoring');
INSERT INTO F16_12_service VALUES (64,10000,'Visa Assist');
INSERT INTO F16_12_service VALUES (65,7000,'University Applications');
INSERT INTO F16_12_service VALUES (66,15000,'Tutoring');
INSERT INTO F16_12_service VALUES (67,15000,'Tutoring');
INSERT INTO F16_12_service VALUES (68,10000,'Visa Assist');

INSERT INTO F16_12_visaRecord VALUES (2,'20/Jun/2016','accept');
INSERT INTO F16_12_visaRecord VALUES (3,'10/Jul/2016','reject');
INSERT INTO F16_12_visaRecord VALUES (8,'21/Jun/2016','accept');
INSERT INTO F16_12_visaRecord VALUES (9,'24/May/2016','accept');
INSERT INTO F16_12_visaRecord VALUES (11,'22/May/2016','reject');
INSERT INTO F16_12_visaRecord VALUES (13,'02/May/2016','accept');
INSERT INTO F16_12_visaRecord VALUES (15,'26/Jun/2016','accept');
INSERT INTO F16_12_visaRecord VALUES (20,'30/Jun/2016','reject');
INSERT INTO F16_12_visaRecord VALUES (22,'17/Jun/2016','reject');
INSERT INTO F16_12_visaRecord VALUES (24,'18/Jun/2016','reject');
INSERT INTO F16_12_visaRecord VALUES (27,'18/Jun/2016','reject');
INSERT INTO F16_12_visaRecord VALUES (28,'18/Jun/2016','reject');
INSERT INTO F16_12_visaRecord VALUES (32,'12/Jul/2016','accept');
INSERT INTO F16_12_visaRecord VALUES (39,'12/Nov/2015','reject');
INSERT INTO F16_12_visaRecord VALUES (44,'11/Nov/2015','reject');
INSERT INTO F16_12_visaRecord VALUES (45,'14/Nov/2015','reject');
INSERT INTO F16_12_visaRecord VALUES (48,'07/Nov/2015','reject');
INSERT INTO F16_12_visaRecord VALUES (50,'27/Oct/2015','accept');
INSERT INTO F16_12_visaRecord VALUES (53,'28/Oct/2015','accept');
INSERT INTO F16_12_visaRecord VALUES (55,'27/Nov/2015','reject');
INSERT INTO F16_12_visaRecord VALUES (56,'27/Oct/2015','accept');
INSERT INTO F16_12_visaRecord VALUES (57,'06/Nov/2015','accept');
INSERT INTO F16_12_visaRecord VALUES (59,'14/Nov/2015','accept');
INSERT INTO F16_12_visaRecord VALUES (60,'12/Nov/2015','accept');
INSERT INTO F16_12_visaRecord VALUES (64,'24/Oct/2015','accept');
INSERT INTO F16_12_visaRecord VALUES (68,'21/Oct/2015','accept');

INSERT INTO F16_12_universityApplication VALUES (7,'Technical University Munich','accept');
INSERT INTO F16_12_universityApplication VALUES (12,'The University of Texas at Arlington','accept');
INSERT INTO F16_12_universityApplication VALUES (14,'Imperial College London','reject');
INSERT INTO F16_12_universityApplication VALUES (17,'University of Dhaka','accept');
INSERT INTO F16_12_universityApplication VALUES (21,'Imperial College London','reject');
INSERT INTO F16_12_universityApplication VALUES (23,'The University of Texas Arlington','reject');
INSERT INTO F16_12_universityApplication VALUES (25,'Nanyag Technological University','reject');
INSERT INTO F16_12_universityApplication VALUES (29,'University of Toronto','accept');
INSERT INTO F16_12_universityApplication VALUES (31,'University of Bologna','reject');
INSERT INTO F16_12_universityApplication VALUES (33,'University of Toronto','accept');
INSERT INTO F16_12_universityApplication VALUES (38,'Technical University of Munich','accept');
INSERT INTO F16_12_universityApplication VALUES (42,'University of British Columbia','accept');
INSERT INTO F16_12_universityApplication VALUES (43,'Frele University of Berlin','reject');
INSERT INTO F16_12_universityApplication VALUES (46,'The University of Texas at Arlington','reject');
INSERT INTO F16_12_universityApplication VALUES (52,'Frele University of Berlin','accept');
INSERT INTO F16_12_universityApplication VALUES (54,'University of Bologna','accept');
INSERT INTO F16_12_universityApplication VALUES (58,'Technical University of Munich','accept');
INSERT INTO F16_12_universityApplication VALUES (65,'The University of Texas at Arlington','accept');

INSERT INTO F16_12_tutorClass VALUES (1,'IELTS');
INSERT INTO F16_12_tutorClass VALUES (4,'GRE');
INSERT INTO F16_12_tutorClass VALUES (5,'TOEFL');
INSERT INTO F16_12_tutorClass VALUES (6,'TOEFL');
INSERT INTO F16_12_tutorClass VALUES (10,'GRE');
INSERT INTO F16_12_tutorClass VALUES (16,'GRE');
INSERT INTO F16_12_tutorClass VALUES (18,'GRE');
INSERT INTO F16_12_tutorClass VALUES (19,'TOEFL');
INSERT INTO F16_12_tutorClass VALUES (26,'GRE');
INSERT INTO F16_12_tutorClass VALUES (30,'IELTS');
INSERT INTO F16_12_tutorClass VALUES (34,'GRE');
INSERT INTO F16_12_tutorClass VALUES (35,'TOEFL');
INSERT INTO F16_12_tutorClass VALUES (36,'IELTS');
INSERT INTO F16_12_tutorClass VALUES (37,'GRE');
INSERT INTO F16_12_tutorClass VALUES (38,'IELTS');
INSERT INTO F16_12_tutorClass VALUES (40,'GRE');
INSERT INTO F16_12_tutorClass VALUES (41,'IELTS');
INSERT INTO F16_12_tutorClass VALUES (47,'GRE');
INSERT INTO F16_12_tutorClass VALUES (51,'IELTS');
INSERT INTO F16_12_tutorClass VALUES (61,'TOEFL');
INSERT INTO F16_12_tutorClass VALUES (62,'GRE');
INSERT INTO F16_12_tutorClass VALUES (63,'IELTS');
INSERT INTO F16_12_tutorClass VALUES (66,'IELTS');
INSERT INTO F16_12_tutorClass VALUES (67,'TOEFL');

INSERT INTO F16_12_classSchedule VALUES (1,002,'Monday','20:30:00');
INSERT INTO F16_12_classSchedule VALUES (30,002,'Monday','20:30:00');
INSERT INTO F16_12_classSchedule VALUES (36,002,'Monday','20:30:00');
INSERT INTO F16_12_classSchedule VALUES (38,002,'Monday','20:30:00');
INSERT INTO F16_12_classSchedule VALUES (4,001,'Tuesday','17:30:00');
INSERT INTO F16_12_classSchedule VALUES (10,001,'Tuesday','17:30:00');
INSERT INTO F16_12_classSchedule VALUES (16,001,'Tuesday','17:30:00');
INSERT INTO F16_12_classSchedule VALUES (18,001,'Tuesday','17:30:00');
INSERT INTO F16_12_classSchedule VALUES (34,001,'Tuesday','17:30:00');
INSERT INTO F16_12_classSchedule VALUES (62,001,'Tuesday','17:30:00');
INSERT INTO F16_12_classSchedule VALUES (41,001,'Wednesday','19:30:00');
INSERT INTO F16_12_classSchedule VALUES (51,001,'Wednesday','19:30:00');
INSERT INTO F16_12_classSchedule VALUES (63,001,'Wednesday','19:30:00');
INSERT INTO F16_12_classSchedule VALUES (66,001,'Wednesday','19:30:00');
INSERT INTO F16_12_classSchedule VALUES (37,002,'Thursday','06:00:00');
INSERT INTO F16_12_classSchedule VALUES (47,002,'Thursday','06:00:00');
INSERT INTO F16_12_classSchedule VALUES (61,002,'Friday','16:30:00');
INSERT INTO F16_12_classSchedule VALUES (67,002,'Friday','16:30:00');
INSERT INTO F16_12_classSchedule VALUES (5,002,'Friday','17:50:45');
INSERT INTO F16_12_classSchedule VALUES (40,003,'Saturday','11:00:00');
INSERT INTO F16_12_classSchedule VALUES (26,003,'Saturday','11:00:00');
INSERT INTO F16_12_classSchedule VALUES (6,001,'Sunday','09:00:00');
INSERT INTO F16_12_classSchedule VALUES (19,001,'Sunday','09:00:00');
INSERT INTO F16_12_classSchedule VALUES (35,001,'Sunday','09:00:00');

INSERT INTO F16_12_enrollsIn VALUES (10005,1,20150016,1,'10-jan-2015');
INSERT INTO F16_12_enrollsIn VALUES (10006,2,20150017,4,'11-feb-2015');
INSERT INTO F16_12_enrollsIn VALUES (10011,1,20150018,5,'12-mar-2015');
INSERT INTO F16_12_enrollsIn VALUES (10024,2,20150019,6,'13-apr-2015');
INSERT INTO F16_12_enrollsIn VALUES (10025,1,20150020,10,'14-may-2015');
INSERT INTO F16_12_enrollsIn VALUES (10026,2,20150021,16,'15-jun-2015');
INSERT INTO F16_12_enrollsIn VALUES (10039,1,20150022,18,'16-jul-2015');
INSERT INTO F16_12_enrollsIn VALUES (10040,2,20150023,19,'17-aug-2015');
INSERT INTO F16_12_enrollsIn VALUES (10042,1,20150024,26,'18-sep-2015');
INSERT INTO F16_12_enrollsIn VALUES (10043,2,20150016,30,'19-oct-2015');
INSERT INTO F16_12_enrollsIn VALUES (10044,1,20150017,34,'20-nov-2015');
INSERT INTO F16_12_enrollsIn VALUES (10045,2,20150018,35,'21-dec-2015');
INSERT INTO F16_12_enrollsIn VALUES (10046,1,20150019,36,'22-jan-2016');
INSERT INTO F16_12_enrollsIn VALUES (10017,2,20150020,37,'23-feb-2016');
INSERT INTO F16_12_enrollsIn VALUES (10013,1,20150021,40,'24-mar-2016');
INSERT INTO F16_12_enrollsIn VALUES (10041,2,20150022,41,'25-apr-2016');
INSERT INTO F16_12_enrollsIn VALUES (10009,1,20150023,47,'26-may-2016');
INSERT INTO F16_12_enrollsIn VALUES (10018,2,20150024,49,'07-jun-2016');
INSERT INTO F16_12_enrollsIn VALUES (10029,1,20150016,51,'08-jul-2016');
INSERT INTO F16_12_enrollsIn VALUES (10001,2,20150017,61,'09-aug-2016');
INSERT INTO F16_12_enrollsIn VALUES (10004,1,20150018,62,'10-sep-2016');
INSERT INTO F16_12_enrollsIn VALUES (10034,2,20150019,63,'11-oct-2016');
INSERT INTO F16_12_enrollsIn VALUES (10037,1,20150020,66,'12-nov-2016');
INSERT INTO F16_12_enrollsIn VALUES (10005,1,20150021,67,'10-jan-2015');
INSERT INTO F16_12_enrollsIn VALUES (10005,1,20150002,2,'10-jan-2015');
INSERT INTO F16_12_enrollsIn VALUES (10006,2,20150008,3,'11-feb-2015');
INSERT INTO F16_12_enrollsIn VALUES (10011,1,20150009,8,'12-mar-2015');
INSERT INTO F16_12_enrollsIn VALUES (10024,2,20150010,9,'13-apr-2015');
INSERT INTO F16_12_enrollsIn VALUES (10025,1,20150011,11,'14-may-2015');
INSERT INTO F16_12_enrollsIn VALUES (10026,2,20150012,13,'15-jun-2015');
INSERT INTO F16_12_enrollsIn VALUES (10039,1,20150013,15,'16-jul-2015');
INSERT INTO F16_12_enrollsIn VALUES (10040,2,20150002,20,'17-aug-2015');
INSERT INTO F16_12_enrollsIn VALUES (10042,1,20150008,22,'18-sep-2015');
INSERT INTO F16_12_enrollsIn VALUES (10043,2,20150009,24,'19-oct-2015');
INSERT INTO F16_12_enrollsIn VALUES (10044,1,20150010,27,'20-nov-2015');
INSERT INTO F16_12_enrollsIn VALUES (10045,2,20150011,28,'21-dec-2015');
INSERT INTO F16_12_enrollsIn VALUES (10046,1,20150012,32,'22-jan-2016');
INSERT INTO F16_12_enrollsIn VALUES (10017,2,20150013,39,'23-feb-2016');
INSERT INTO F16_12_enrollsIn VALUES (10013,1,20150002,44,'24-mar-2016');
INSERT INTO F16_12_enrollsIn VALUES (10041,2,20150008,45,'25-apr-2016');
INSERT INTO F16_12_enrollsIn VALUES (10009,1,20150009,48,'26-may-2016');
INSERT INTO F16_12_enrollsIn VALUES (10018,2,20150010,50,'07-jun-2016');
INSERT INTO F16_12_enrollsIn VALUES (10029,1,20150011,53,'08-jul-2016');
INSERT INTO F16_12_enrollsIn VALUES (10001,2,20150012,55,'09-aug-2016');
INSERT INTO F16_12_enrollsIn VALUES (10004,1,20150013,56,'10-sep-2016');
INSERT INTO F16_12_enrollsIn VALUES (10034,2,20150002,57,'11-oct-2016');
INSERT INTO F16_12_enrollsIn VALUES (10037,1,20150008,59,'12-nov-2016');
INSERT INTO F16_12_enrollsIn VALUES (10005,1,20150009,60,'10-jan-2015');
INSERT INTO F16_12_enrollsIn VALUES (10006,2,20150010,64,'11-feb-2015');
INSERT INTO F16_12_enrollsIn VALUES (10011,1,20150011,68,'12-mar-2015');
INSERT INTO F16_12_enrollsIn VALUES (10005,1,20150002,7,'10-jan-2015');
INSERT INTO F16_12_enrollsIn VALUES (10006,2,20150008,12,'11-feb-2015');
INSERT INTO F16_12_enrollsIn VALUES (10011,1,20150009,14,'12-mar-2015');
INSERT INTO F16_12_enrollsIn VALUES (10024,2,20150010,17,'13-apr-2015');
INSERT INTO F16_12_enrollsIn VALUES (10025,1,20150011,21,'14-may-2015');
INSERT INTO F16_12_enrollsIn VALUES (10026,2,20150012,23,'15-jun-2015');
INSERT INTO F16_12_enrollsIn VALUES (10039,1,20150013,25,'16-jul-2015');
INSERT INTO F16_12_enrollsIn VALUES (10040,2,20150002,29,'17-aug-2015');
INSERT INTO F16_12_enrollsIn VALUES (10042,1,20150008,31,'18-sep-2015');
INSERT INTO F16_12_enrollsIn VALUES (10043,2,20150009,33,'19-oct-2015');
INSERT INTO F16_12_enrollsIn VALUES (10044,1,20150010,38,'20-nov-2015');
INSERT INTO F16_12_enrollsIn VALUES (10045,2,20150011,42,'21-dec-2015');
INSERT INTO F16_12_enrollsIn VALUES (10046,1,20150012,43,'22-jan-2016');
INSERT INTO F16_12_enrollsIn VALUES (10017,2,20150013,46,'23-feb-2016');
INSERT INTO F16_12_enrollsIn VALUES (10013,1,20150002,52,'24-mar-2016');
INSERT INTO F16_12_enrollsIn VALUES (10041,2,20150008,54,'25-apr-2016');
INSERT INTO F16_12_enrollsIn VALUES (10009,1,20150009,58,'26-may-2016');
INSERT INTO F16_12_enrollsIn VALUES (10018,2,20150010,65,'07-jun-2016');

INSERT INTO F16_12_rates VALUES (10005,20150016,4);
INSERT INTO F16_12_rates VALUES (10006,20150017,4);
INSERT INTO F16_12_rates VALUES (10011,20150018,5);
INSERT INTO F16_12_rates VALUES (10024,20150019,4);
INSERT INTO F16_12_rates VALUES (10025,20150020,5);
INSERT INTO F16_12_rates VALUES (10026,20150021,3);
INSERT INTO F16_12_rates VALUES (10039,20150022,4);
INSERT INTO F16_12_rates VALUES (10040,20150023,4);
INSERT INTO F16_12_rates VALUES (10042,20150024,5);
INSERT INTO F16_12_rates VALUES (10043,20150002,4);
INSERT INTO F16_12_rates VALUES (10044,20150008,5);
INSERT INTO F16_12_rates VALUES (10045,20150009,4);
INSERT INTO F16_12_rates VALUES (10046,20150010,3);
INSERT INTO F16_12_rates VALUES (10017,20150011,4);
INSERT INTO F16_12_rates VALUES (10013,20150012,4);
INSERT INTO F16_12_rates VALUES (10041,20150013,3);
INSERT INTO F16_12_rates VALUES (10009,20150016,4);
INSERT INTO F16_12_rates VALUES (10018,20150017,5);
INSERT INTO F16_12_rates VALUES (10029,20150018,5);
INSERT INTO F16_12_rates VALUES (10001,20150002,5);
INSERT INTO F16_12_rates VALUES (10004,20150008,4);
INSERT INTO F16_12_rates VALUES (10034,20150009,3);
INSERT INTO F16_12_rates VALUES (10037,20150010,4);
INSERT INTO F16_12_rates VALUES (10005,20150002,4);
INSERT INTO F16_12_rates VALUES (10006,20150008,4);
INSERT INTO F16_12_rates VALUES (10011,20150009,3);
INSERT INTO F16_12_rates VALUES (10024,20150010,5);
INSERT INTO F16_12_rates VALUES (10025,20150011,4);
INSERT INTO F16_12_rates VALUES (10026,20150012,4);
INSERT INTO F16_12_rates VALUES (10039,20150013,5);

INSERT INTO F16_12_enquiresAt VALUES (10010,1,'06-sep-2015');
INSERT INTO F16_12_enquiresAt VALUES (10020,1,'07-sep-2015');
INSERT INTO F16_12_enquiresAt VALUES (10014,2,'08-oct-2015');
INSERT INTO F16_12_enquiresAt VALUES (10001,2,'20-sep-2015');
INSERT INTO F16_12_enquiresAt VALUES (10004,1,'05-sep-2015');
INSERT INTO F16_12_enquiresAt VALUES (10009,1,'26-mar-2016');
INSERT INTO F16_12_enquiresAt VALUES (10012,2,'20-oct-2015');
INSERT INTO F16_12_enquiresAt VALUES (10008,2,'25-oct-2015');
INSERT INTO F16_12_enquiresAt VALUES (10023,1,'07-sep-2016');
INSERT INTO F16_12_enquiresAt VALUES (10049,1,'24-sep-2016');
INSERT INTO F16_12_enquiresAt VALUES (10047,2,'16-oct-2016');
INSERT INTO F16_12_enquiresAt VALUES (10041,2,'25-Apr-2016');
INSERT INTO F16_12_enquiresAt VALUES (10035,1,'11-jul-2016');
INSERT INTO F16_12_enquiresAt VALUES (10032,1,'15-mar-2016');
INSERT INTO F16_12_enquiresAt VALUES (10038,1,'19-oct-2016');
INSERT INTO F16_12_enquiresAt VALUES (10027,1,'14-sep-2016');
INSERT INTO F16_12_enquiresAt VALUES (10016,2,'12-oct-2016');
INSERT INTO F16_12_enquiresAt VALUES (10019,2,'18-nov-2015');
INSERT INTO F16_12_enquiresAt VALUES (10029,1,'13-jun-2016');
INSERT INTO F16_12_enquiresAt VALUES (10031,2,'20-aug-2015');
INSERT INTO F16_12_enquiresAt VALUES (10021,2,'18-nov-2016');
INSERT INTO F16_12_enquiresAt VALUES (10002,1,'05-nov-2016');
INSERT INTO F16_12_enquiresAt VALUES (10007,1,'21-nov-2015');
INSERT INTO F16_12_enquiresAt VALUES (10003,1,'05-nov-2016');
INSERT INTO F16_12_enquiresAt VALUES (10015,2,'03-may-2016');
INSERT INTO F16_12_enquiresAt VALUES (10018,2,'24-mar-2016');
INSERT INTO F16_12_enquiresAt VALUES (10022,1,'22-apr-2016');
INSERT INTO F16_12_enquiresAt VALUES (10028,1,'17-oct-2015');
INSERT INTO F16_12_enquiresAt VALUES (10030,2,'31-aug-2016');
INSERT INTO F16_12_enquiresAt VALUES (10033,2,'20-sep-2016');
INSERT INTO F16_12_enquiresAt VALUES (10034,2,'01-oct-2015');
INSERT INTO F16_12_enquiresAt VALUES (10036,1,'06-oct-2015');
INSERT INTO F16_12_enquiresAt VALUES (10037,1,'23-oct-2015');
INSERT INTO F16_12_enquiresAt VALUES (10048,1,'23-sep-2015');
INSERT INTO F16_12_enquiresAt VALUES (10050,2,'16-sep-2016');